settlement_date,cusip,symbol,ftd_quantity,description,price
20260803,36467W109,GME,15411,"GAMESTOP CORP (HLDG CO) CL A",21.72
20260804,36467W109,GME,590586,"GAMESTOP CORP (HLDG CO) CL A",19.06
20260805,36467W109,GME,1886,"GAMESTOP CORP (HLDG CO) CL A",19.21
20260806,36467W109,GME,54733,"GAMESTOP CORP (HLDG CO) CL A",19.01
20260810,36467W109,GME,166186,"GAMESTOP CORP (HLDG CO) CL A",19.16
20260811,36467W109,GME,28026,"GAMESTOP CORP (HLDG CO) CL A",18.79
20260817,36467W109,GME,56718,"GAMESTOP CORP (HLDG CO) CL A",18.66
20260821,36467W109,GME,21091,"GAMESTOP CORP (HLDG CO) CL A",18.04
20260824,36467W109,GME,37185,"GAMESTOP CORP (HLDG CO) CL A",18.21
20260825,36467W109,GME,93558,"GAMESTOP CORP (HLDG CO) CL A",18.04
20260827,36467W109,GME,102,"GAMESTOP CORP (HLDG CO) CL A",17.97
20260828,36467W109,GME,57727,"GAMESTOP CORP (HLDG CO) CL A",18.25
20260831,36467W109,GME,575,"GAMESTOP CORP (HLDG CO) CL A",17.87
